Name,Age,City,Salary,Gender,column1,State,Start Date,DateOfBirth
 kyle ,59.0, indianapolis ,151000.0, Other , Raymond , Indiana ,1990-12-09,1964-10-15 14:21:44.568274
 Luis ,31.0, Los Angeles ,58000.0,, Andrade , CA ,1992-02-24,1992-10-08 14:21:44.568274
 katherine ,46.0, Naperville ,146000.0, female , Gutierrez , IL , 21-12-2015 ,1977-10-12 14:21:44.568274
 robert ,25.0, pittsburgh ,66000.0, Male , Yates , Pennsylvania ,1993-01-25,1998-10-07 14:21:44.568274
 austin ,49.0, Naperville ,96000.0,, Turner , IL , 20-09-1979 ,1974-10-13 14:21:44.568274
 christopher ,48.0, Buffalo ,47000.0, other , Carroll , NY ,1990-12-09,1975-10-13 14:21:44.568274
 michelle ,45.0, Fort Wayne ,61000.0, Male , Anderson , Indiana ,1991-05-05,1978-10-12 14:21:44.568274
 Joshua ,38.0, miami ,96000.0,, Roberts , Florida ,2006-07-11,1985-10-10 14:21:44.568274
 Nancy ,32.0, new york ,129000.0, Female , Ferguson , NY ,1992-05-23,1991-10-09 14:21:44.568274
 Dillon ,56.0, chicago ,67000.0, Female , Horn , IL ,2006-07-11,1967-10-15 14:21:44.568274
 Joseph ,, san antonio ,55000.0, other , Taylor , TX ,2006-07-11,2023-03-03 14:21:44.568274
 elizabeth ,54.0, Chicago ,126000.0, Female , Bird , IL ,1993-01-25,1969-10-14 14:21:44.568274
 Nicole ,41.0, naperville ,78000.0, Other , Roberts , IL ,2006-07-11,1982-10-11 14:21:44.568274
 Robert ,21.0, Aurora ,104000.0, Other , Brock , IL ,1993-11-09,2002-10-06 14:21:44.568274
 susan ,56.0, tampa ,55000.0, Male , Morgan , Florida , 19-04-2022 ,1967-10-15 14:21:44.568274
 Andre ,54.0, allentown ,151000.0, , Martin , Pennsylvania ,1991-05-05,1969-10-14 14:21:44.568274
 Tina ,42.0, philadelphia ,115000.0, other , Torres , Pennsylvania ,2009-08-12,1981-10-11 14:21:44.568274
 mia ,34.0, Pittsburgh ,71000.0, female , Brown , Pennsylvania , 17-03-1998 ,1989-10-09 14:21:44.568274
 patrick ,39.0, allentown ,89000.0,, Walker , Pennsylvania ,1992-02-24,1984-10-10 14:21:44.568274
 Valerie ,22.0, dallas ,122000.0,, Ramsey , TX ,2006-07-11,2001-10-06 14:21:44.568274
 joshua ,36.0, Tampa ,92000.0, Female , Crawford , Florida ,1993-11-09,1987-10-10 14:21:44.568274
 catherine ,36.0, aurora ,191000.0, Other , Johnson , IL ,1992-05-23,1987-10-10 14:21:44.568274
 lee ,41.0, indianapolis ,74000.0,, Herrera , Indiana ,1992-02-24,1982-10-11 14:21:44.568274
 Lisa ,40.0, San Antonio ,117000.0, Female , Coleman , TX ,2015-10-24,1983-10-11 14:21:44.568274
 richard ,28.0, Pittsburgh ,77000.0, other , Vance , Pennsylvania ,2017-10-19,1995-10-08 14:21:44.568274
 ashley ,40.0, Phoenix ,116000.0,, White , AZ ,2015-07-14,1983-10-11 14:21:44.568274
 shelley ,50.0, aurora ,60000.0,, Stevens , IL ,1990-12-09,1973-10-13 14:21:44.568274
 ,36.0, Dallas ,37000.0, other , Marks , TX ,1988-07-08,1987-10-10 14:21:44.568274
 Patricia ,51.0, chicago ,69000.0,, Giles , IL , 1970 ,1972-10-13 14:21:44.568274
 Melissa ,43.0, Jacksonville ,38000.0,, Weaver , Florida ,1992-02-24,1980-10-11 14:21:44.568274
 alexander ,48.0, San Diego ,55000.0, Other , Nguyen , CA ,2006-07-11,1975-10-13 14:21:44.568274
 Amanda ,50.0, rochester ,114000.0, Male , Oliver , NY ,2017-10-19,1973-10-13 14:21:44.568274
 Chris ,31.0, jacksonville ,53000.0, male , Obrien , Florida ,1991-05-05,1992-10-08 14:21:44.568274
 Elizabeth ,59.0, tampa ,38000.0, Female , Powers , Florida ,2011-07-06,1964-10-15 14:21:44.568274
 Nicholas ,48.0, New York ,175000.0,, Tanner , NY ,2015-10-24,1975-10-13 14:21:44.568274
 Morgan ,42.0, Los Angeles ,66000.0, Male , Smith , CA ,1993-11-09,1981-10-11 14:21:44.568274
 Abigail ,55.0, Houston ,142000.0, female , Roach , TX ,1991-05-05,2022-12-07 14:21:44.568274
 kelly ,22.0, phoenix ,74000.0, other , Holden , AZ ,2015-07-14,2001-10-06 14:21:44.568274
 kiara ,54.0, Tampa ,33000.0,, Hernandez , Florida , 03-01-1985 ,1969-10-14 14:21:44.568274
 michele ,52.0, tampa ,42000.0, Male , Herring , Florida ,1992-02-24,1971-10-14 14:21:44.568274
 angela ,40.0, Aurora ,75000.0,, Rhodes , IL ,1988-07-08,1983-10-11 14:21:44.568274
 cheryl ,57.0, los angeles ,39000.0,, King , CA ,1986-11-04,1966-10-15 14:21:44.568274
 Emily ,53.0, Houston ,55000.0, other , Evans , TX ,2017-10-19,1970-10-14 14:21:44.568274
 Benjamin ,23.0, Indianapolis ,124000.0,,, Indiana ,2011-07-06,2000-10-06 14:21:44.568274
 jennifer ,20.0, San Diego ,, Male , Weeks , CA ,1988-04-07,2003-10-06 14:21:44.568274
 Lori ,56.0, jacksonville ,189000.0, Female , Gibbs , Florida ,2014-04-11,1967-10-15 14:21:44.568274
 Jennifer ,56.0, San Francisco ,68000.0, male , Cooper , CA ,1999-05-26,1967-10-15 14:21:44.568274
 deborah ,33.0, San Diego ,45000.0, male , Mclean , CA ,2011-07-06,1990-10-09 14:21:44.568274
 Jennifer ,23.0, rochester ,42000.0, Other , Carroll , NY ,2011-07-06,2023-05-15 14:21:44.568274
 Lisa ,42.0, Dallas ,50000.0, Female , Carter , TX ,2014-05-10,1981-10-11 14:21:44.568274
 Laura ,28.0, Pittsburgh ,53000.0, male , Jackson , Pennsylvania ,1991-05-05,1995-10-08 14:21:44.568274
 andrew ,43.0,,131000.0, male , Garcia ,,1986-11-04,1980-10-11 14:21:44.568274
 Stephanie ,45.0, pittsburgh ,70000.0, female , Henry , Pennsylvania ,2009-08-12,1978-10-12 14:21:44.568274
 tara ,31.0, los angeles ,75000.0, female , House , CA ,2006-07-11,2022-11-26 14:21:44.568274
 benjamin ,28.0, los angeles ,134000.0, Female , Shaw , CA , 1971 ,1995-10-08 14:21:44.568274
 colin ,31.0, allentown ,92000.0, other , Solomon , Pennsylvania ,1988-07-08,1992-10-08 14:21:44.568274
 Zachary ,46.0, pittsburgh ,153000.0, Other , Owen , Pennsylvania ,2013-04-23,1977-10-12 14:21:44.568274
 Glen ,33.0, Houston ,60000.0, male , Sullivan , TX ,1992-05-23,1990-10-09 14:21:44.568274
 Felicia ,47.0, san antonio ,110000.0, Female , Willis , TX ,2013-04-23,1976-10-12 14:21:44.568274
 ashley ,31.0, Pittsburgh ,92000.0,, Hancock , Pennsylvania ,2014-04-11,1992-10-08 14:21:44.568274
 lori ,44.0, mesa ,74000.0, other , Young , AZ ,2013-04-23,1979-10-12 14:21:44.568274
 david ,35.0, dallas ,43000.0,, Bryant , TX , 12-10-1978 ,1988-10-09 14:21:44.568274
 Cameron ,41.0, pittsburgh ,76000.0,, Boyer , Pennsylvania ,1988-04-07,1982-10-11 14:21:44.568274
 angela ,37.0, tucson ,48000.0, Other , Ware , AZ ,1990-12-09,1986-10-10 14:21:44.568274
 Jack ,22.0, chicago ,108000.0,, Mueller , IL ,2013-04-23,2001-10-06 14:21:44.568274
 tyler ,20.0, naperville ,113000.0, male , Mcdaniel , IL ,1988-04-07,2003-10-06 14:21:44.568274
 Anne ,50.0, Jacksonville ,23000.0, other , Harrison , Florida ,2014-04-11,1973-10-13 14:21:44.568274
 Larry ,26.0,,188000.0,, Fox ,,2006-07-11,1997-10-07 14:21:44.568274
 Bailey ,58.0, pittsburgh ,126000.0,, Rodriguez , Pennsylvania ,1988-07-08,2022-10-15 14:21:44.568274
 jeffrey ,39.0, Miami ,37000.0, Male , Matthews , Florida ,1990-12-09,1984-10-10 14:21:44.568274
 dustin ,41.0,,83000.0,, Cook ,,1988-04-07,1982-10-11 14:21:44.568274
 Michael ,39.0, Phoenix ,103000.0, other , Walker , AZ ,2014-04-11,1984-10-10 14:21:44.568274
 michael ,37.0, pittsburgh ,73000.0, male , Mason , Pennsylvania ,1992-05-23,1986-10-10 14:21:44.568274
 ,45.0, indianapolis ,73000.0, Other , Williams , Indiana ,2015-07-14,1978-10-12 14:21:44.568274
 jacob ,55.0, chicago ,116000.0,, Collins , IL ,2015-10-24,1968-10-14 14:21:44.568274
 tara ,23.0, Los Angeles ,72000.0, Female , Turner , CA ,1992-05-23,2000-10-06 14:21:44.568274
 michael ,38.0, Allentown ,153000.0, female , Crawford , Pennsylvania ,2017-01-31,1985-10-10 14:21:44.568274
 angela ,49.0, Chicago ,160000.0, female , Avila , IL , 2020 ,1974-10-13 14:21:44.568274
 robin ,46.0, chicago ,23000.0, female , Williams , IL ,1992-05-23,1977-10-12 14:21:44.568274
 deborah ,54.0, aurora ,85000.0,, Wilson , ,1993-11-09,1969-10-14 14:21:44.568274
 Sarah ,56.0, Philadelphia ,131000.0, other , White , Pennsylvania ,1991-05-05,1967-10-15 14:21:44.568274
 Teresa ,50.0, San Antonio ,110000.0, female , Johnson , TX ,2017-10-19,1973-10-13 14:21:44.568274
 miguel ,31.0, mesa ,30000.0, Male , Gomez , AZ ,1992-05-23,1992-10-08 14:21:44.568274
 holly ,40.0, san francisco ,85000.0,, Diaz , CA ,2009-08-12,2023-08-12 14:21:44.568274
 john ,48.0, dallas ,122000.0, Female , Bauer , TX ,1988-07-08,1975-10-13 14:21:44.568274
 Lauren ,23.0, new york ,113000.0, Male , Turner , NY ,2015-10-24,2000-10-06 14:21:44.568274
 bruce ,57.0, Evansville ,77000.0, Other , Harrison , Indiana ,1999-05-26,1966-10-15 14:21:44.568274
 Anne ,58.0, New York ,137000.0, female , Mckay , NY ,2014-05-10,1965-10-15 14:21:44.568274
 Haley ,43.0, Pittsburgh ,77000.0,,, Pennsylvania ,1999-05-26,1980-10-11 14:21:44.568274
 tammy ,54.0, jacksonville ,113000.0, female , Bond , Florida ,2015-07-14,1969-10-14 14:21:44.568274
 john ,33.0, buffalo ,66000.0, Other , Briggs , NY ,1991-05-05,1990-10-09 14:21:44.568274
 nicole ,52.0, Jacksonville ,102000.0, female , Patterson , Florida ,1986-11-04,1971-10-14 14:21:44.568274
 thomas ,27.0, phoenix ,43000.0, Other , Rodgers , AZ ,1992-02-24,1996-10-07 14:21:44.568274
 david ,29.0, buffalo ,41000.0, male , Thompson , NY ,1993-11-09,1994-10-08 14:21:44.568274
 tracy ,58.0, houston ,25000.0, Female , Hays , TX ,2017-10-19,1965-10-15 14:21:44.568274
 david ,50.0, rochester ,87000.0,, Mathews , NY ,1988-07-08,1973-10-13 14:21:44.568274
 Sean ,35.0, Los Angeles ,70000.0, Male , Harris , CA ,2011-07-06,1988-10-09 14:21:44.568274
 brian ,26.0, allentown ,57000.0, Male , Boyer , Pennsylvania ,2011-07-06,1997-10-07 14:21:44.568274
 Deborah ,36.0, jacksonville ,115000.0, Male , Deleon , Florida ,2017-01-31,1987-10-10 14:21:44.568274
 Kevin ,39.0, tucson ,91000.0, male , Graham , AZ ,2006-07-11,1984-10-10 14:21:44.568274
 Heather ,24.0, Pittsburgh ,53000.0, male , Lewis , Pennsylvania ,2011-07-06,1999-10-07 14:21:44.568274
 amy ,53.0, phoenix ,29000.0, Other , Mendoza , AZ ,2013-04-23,1970-10-14 14:21:44.568274
 Mike ,57.0, jacksonville ,149000.0, male , Brown , Florida ,2014-05-10,1966-10-15 14:21:44.568274
 denise ,37.0, Indianapolis ,51000.0, Female , Webb , Indiana ,1991-05-05,1986-10-10 14:21:44.568274
 David ,23.0, new york ,184000.0, Female , Huffman , NY ,1999-05-26,2000-10-06 14:21:44.568274
 Pamela ,48.0, Chicago ,70000.0, Male , Anderson , IL ,,1975-10-13 14:21:44.568274
 Audrey ,54.0, Allentown ,136000.0, Other , Wang , Pennsylvania , 16-08-2021 ,1969-10-14 14:21:44.568274
 albert ,36.0, Aurora ,111000.0,, Summers , IL ,1990-12-09,1987-10-10 14:21:44.568274
 John ,28.0, San Francisco ,49000.0, male , Parker , CA ,2017-10-19,1995-10-08 14:21:44.568274
 Cameron ,46.0, miami ,77000.0, male , Peterson , Florida ,2017-10-19,1977-10-12 14:21:44.568274
 Rachel ,54.0, san francisco ,148000.0, Female , Hernandez , CA ,2015-10-24,1969-10-14 14:21:44.568274
 dennis ,48.0, san diego ,159000.0, Female , Conner , CA ,1986-11-04,1975-10-13 14:21:44.568274
 melinda ,43.0, Dallas ,65000.0, Male , Phillips , TX ,1993-11-09,1980-10-11 14:21:44.568274
 shelly ,41.0, new york ,71000.0, Male , Waters , NY ,1992-02-24,1982-10-11 14:21:44.568274
 scott ,41.0, allentown ,96000.0, male , Rivera , Pennsylvania ,2014-05-10,1982-10-11 14:21:44.568274
 elizabeth ,51.0, miami ,57000.0, female , Nunez , Florida ,1986-11-04,1972-10-13 14:21:44.568274
 hayley ,51.0, houston ,84000.0, male , Bowman , TX ,2017-10-19,1972-10-13 14:21:44.568274
 jessica ,32.0, tampa ,137000.0, female , Jordan , Florida ,2015-10-24,1991-10-09 14:21:44.568274
 ,43.0, indianapolis ,68000.0, Other , Nelson , Indiana ,1988-07-08,1980-10-11 14:21:44.568274
 Annette ,21.0, houston ,122000.0,, Johnson , TX ,1999-05-26,2023-01-20 14:21:44.568274
 laura ,30.0, los angeles ,134000.0, Male , Torres , CA ,1988-07-08,1993-10-08 14:21:44.568274
 courtney ,20.0, Tucson ,44000.0,, Davis , AZ ,1992-05-23,2003-10-06 14:21:44.568274
 melissa ,50.0, Dallas ,33000.0, Female , Meadows , TX ,1988-04-07,1973-10-13 14:21:44.568274
 Paul ,56.0, jacksonville ,82000.0, Female , Moon , Florida ,1992-02-24,1967-10-15 14:21:44.568274
 carol ,27.0, tampa ,35000.0,, Jones , Florida ,2013-04-23,1996-10-07 14:21:44.568274
 tamara ,32.0, Pittsburgh ,117000.0, other , Perkins , Pennsylvania ,1993-01-25,1991-10-09 14:21:44.568274
 melanie ,59.0, Tampa ,34000.0, Male , Patel , Florida ,2006-07-11,1964-10-15 14:21:44.568274
 Jennifer ,38.0, san francisco ,58000.0,, Palmer , CA ,2017-01-31,1985-10-10 14:21:44.568274
 cassidy ,31.0, Miami ,96000.0, Other , Brown , Florida ,1993-11-09,1992-10-08 14:21:44.568274
 brent ,20.0, miami ,123000.0,, Whitney , Florida ,,2023-02-14 14:21:44.568274
 John ,41.0, indianapolis ,28000.0, Male , Acosta , Indiana ,2017-10-19,1982-10-11 14:21:44.568274
 Shelby ,59.0, miami ,104000.0,, Scott , Florida ,1993-11-09,1964-10-15 14:21:44.568274
 Angela ,44.0, Miami ,53000.0,, Good , Florida ,1991-05-05,1979-10-12 14:21:44.568274
 brooke ,46.0, dallas ,51000.0, Male , Wilson , TX ,1999-05-26,1977-10-12 14:21:44.568274
 Janet ,31.0, san francisco ,114000.0, Female , Martin , CA ,1990-12-09,1992-10-08 14:21:44.568274
 Cesar ,23.0, Allentown ,144000.0, other , Hull , Pennsylvania ,1988-04-07,2000-10-06 14:21:44.568274
 hunter ,49.0, san diego ,29000.0, male , Mason , CA ,2014-05-10,2022-10-17 14:21:44.568274
 Karen ,48.0, Pittsburgh ,135000.0,, Rogers , Pennsylvania ,2006-07-11,1975-10-13 14:21:44.568274
 Luis ,44.0, mesa ,98000.0, male , Hardin , AZ ,1990-12-09,1979-10-12 14:21:44.568274
 mary ,41.0, evansville ,100000.0, Other , Williams , Indiana ,1991-05-05,1982-10-11 14:21:44.568274
 Laura ,21.0, Indianapolis ,102000.0, female , Wheeler , Indiana ,1990-12-09,2002-10-06 14:21:44.568274
 felicia ,23.0, San Francisco ,134000.0,, Vaughan , CA ,2013-04-23,2000-10-06 14:21:44.568274
 Danielle ,46.0, Miami ,177000.0, Male , Skinner , Florida ,1988-07-08,1977-10-12 14:21:44.568274
 Bobby ,49.0, Aurora ,31000.0, Male , Smith , IL ,1988-04-07,1974-10-13 14:21:44.568274
 Theresa ,53.0, evansville ,30000.0, male , Blake , Indiana ,2013-04-23,1970-10-14 14:21:44.568274
 jennifer ,44.0, Tucson ,74000.0, Other , Allen , AZ ,1992-02-24,1979-10-12 14:21:44.568274
 Taylor ,33.0, Mesa ,103000.0, female , Joseph , AZ ,2017-01-31,1990-10-09 14:21:44.568274
 Jacqueline ,22.0, allentown ,150000.0, Male , Hill , Pennsylvania ,1999-05-26,2001-10-06 14:21:44.568274
 Paula ,50.0,,36000.0, Male , Kennedy ,,1993-01-25,1973-10-13 14:21:44.568274
 Tammy ,54.0, Phoenix ,29000.0, Female , Pierce , AZ ,1986-11-04,1969-10-14 14:21:44.568274
 patrick ,39.0, allentown ,89000.0,, Walker , Pennsylvania ,1992-02-24,1984-10-10 14:21:44.568274
 brooke ,46.0, dallas ,51000.0, Male , Wilson , TX ,1999-05-26,1977-10-12 14:21:44.568274
 angela ,40.0, Aurora ,75000.0,, Rhodes , IL ,1988-07-08,1983-10-11 14:21:44.568274
 Felicia ,47.0, san antonio ,110000.0, Female , Willis , TX ,2013-04-23,1976-10-12 14:21:44.568274
 Kevin ,39.0, tucson ,91000.0, male , Graham , AZ ,2006-07-11,1984-10-10 14:21:44.568274
 Jennifer ,38.0, san francisco ,58000.0,, Palmer , CA ,2017-01-31,1985-10-10 14:21:44.568274
 Sean ,35.0, Los Angeles ,70000.0, Male , Harris , CA ,2011-07-06,1988-10-09 14:21:44.568274
 Laura ,28.0, Pittsburgh ,53000.0, male , Jackson , Pennsylvania ,1991-05-05,1995-10-08 14:21:44.568274
 kiara ,54.0, Tampa ,33000.0,, Hernandez , Florida , 03-01-1985 ,1969-10-14 14:21:44.568274
 Jennifer ,38.0, san francisco ,58000.0,, Palmer , CA ,2017-01-31,1985-10-10 14:21:44.568274
